,value,value
,mean,count
category,,
A,11.5,4
B,15.666666666666666,3
C,27.666666666666668,3
